<?xml version='1.0' encoding='UTF-8' ?>
<timeLogEntries>
  <time id="55" flag="D" />
  <time id="54" start="@1491194019000" delta="-1080" flag="M" />
  <time id="56" flag="D" />
  <time id="57" path="/Non Project/PSP Fundamentals &amp; Advanced/Program 5/Compile" start="@1491265867407" delta="1" flag="A" />
  <time id="58" path="/Non Project/PSP Fundamentals &amp; Advanced/Program 5/Test" start="@1491265933015" delta="2" flag="A" />
  <time id="59" path="/Non Project/PSP Fundamentals &amp; Advanced/Program 5/Test" start="@1491266887279" delta="5" flag="A" />
  <time id="60" path="/Non Project/PSP Fundamentals &amp; Advanced/Program 5/Test" start="@1491268190723" delta="9" flag="A" />
  <time id="61" path="/Non Project/PSP Fundamentals &amp; Advanced/Program 5/Postmortem" start="@1491268702176" delta="17" flag="A" />
</timeLogEntries>
