<?xml version='1.0' encoding='UTF-8' ?>
<timeLogEntries>
  <time id="1" path="/Non Project/PSP Fundamentals &amp; Advanced/Program 1/Planning" start="@1486308013963" delta="5" />
  <time id="2" path="/Non Project/PSP Fundamentals &amp; Advanced/Program 1/Design" start="@1486308714325" delta="7" />
  <time id="3" path="/Non Project/PSP Fundamentals &amp; Advanced/Program 1/Code" start="@1486309258033" delta="24" />
  <time id="4" path="/Non Project/PSP Fundamentals &amp; Advanced/Program 1/Code" start="@1486311087109" delta="97" />
  <time id="5" path="/Non Project/PSP Fundamentals &amp; Advanced/Program 1/Compile" start="@1486341575561" delta="9" />
  <time id="6" path="/Non Project/PSP Fundamentals &amp; Advanced/Program 1/Test" start="@1486342195433" delta="10" interrupt="1" />
  <time id="7" path="/Non Project/PSP Fundamentals &amp; Advanced/Program 2/Planning" start="@1487507320351" delta="37" />
  <time id="8" path="/Non Project/PSP Fundamentals &amp; Advanced/Program 2/Planning" start="@1487510880634" delta="17" />
  <time id="9" path="/Non Project/PSP Fundamentals &amp; Advanced/Program 2/Design" start="@1487517530232" delta="27" />
  <time id="10" path="/Non Project/PSP Fundamentals &amp; Advanced/Program 2/Code" start="@1487519198860" delta="89" />
  <time id="11" path="/Non Project/PSP Fundamentals &amp; Advanced/Program 2/Code" start="@1487534311238" delta="49" />
  <time id="12" path="/Non Project/PSP Fundamentals &amp; Advanced/Program 2/Compile" start="@1487537278750" delta="18" />
  <time id="13" path="/Non Project/PSP Fundamentals &amp; Advanced/Program 2/Code" start="@1487540320630" delta="18" />
  <time id="14" path="/Non Project/PSP Fundamentals &amp; Advanced/Program 2/Code" start="@1487543421111" delta="63" />
  <time id="15" path="/Non Project/PSP Fundamentals &amp; Advanced/Program 2/Postmortem" start="@1487732274553" delta="57" />
  <time id="16" path="/Non Project/PSP Fundamentals &amp; Advanced/Program 2/Postmortem" start="@1487783990766" delta="7" />
  <time id="17" path="/Non Project/PSP Fundamentals &amp; Advanced/Program 3/Planning" start="@1488630752450" delta="6" />
  <time id="18" path="/Non Project/PSP Fundamentals &amp; Advanced/Program 3/Planning" start="@1488632006912" delta="7" />
  <time id="19" path="/Non Project/PSP Fundamentals &amp; Advanced/Program 3/Planning" start="@1488632858531" delta="1" />
  <time id="20" path="/Non Project/PSP Fundamentals &amp; Advanced/Program 3/Planning" start="@1488633894326" delta="42" interrupt="6" />
  <time id="21" path="/Non Project/PSP Fundamentals &amp; Advanced/Program 3/Planning" start="@1488637570007" delta="44" />
  <time id="22" path="/Non Project/PSP Fundamentals &amp; Advanced/Program 3/Planning" start="@1488641691847" delta="11" />
  <time id="23" path="/Non Project/PSP Fundamentals &amp; Advanced/Program 3/Planning" start="@1488644675901" delta="9" interrupt="3" />
  <time id="24" path="/Non Project/PSP Fundamentals &amp; Advanced/Program 3/Design" start="@1488645471808" delta="18" />
  <time id="25" path="/Non Project/PSP Fundamentals &amp; Advanced/Program 3/Design Review" start="@1488646527759" delta="11" />
  <time id="26" path="/Non Project/PSP Fundamentals &amp; Advanced/Program 3/Code" start="@1488647350232" delta="78" />
  <time id="27" path="/Non Project/PSP Fundamentals &amp; Advanced/Program 3/Code" start="@1488653281933" delta="38" />
  <time id="28" path="/Non Project/PSP Fundamentals &amp; Advanced/Program 3/Code" start="@1488660070083" delta="231" />
  <time id="30" path="/Non Project/PSP Fundamentals &amp; Advanced/Program 3/Code" start="@1488716050513" delta="213" />
  <time id="32" path="/Non Project/PSP Fundamentals &amp; Advanced/Program 3/Code" start="@1488750297655" delta="82" />
  <time id="33" path="/Non Project/PSP Fundamentals &amp; Advanced/Program 3/Code Review" start="@1488845068845" delta="19" />
  <time id="34" path="/Non Project/PSP Fundamentals &amp; Advanced/Program 3/Compile" start="@1488846208669" delta="2" />
  <time id="35" path="/Non Project/PSP Fundamentals &amp; Advanced/Program 3/Test" start="@1488846348533" delta="21" />
  <time id="36" path="/Non Project/PSP Fundamentals &amp; Advanced/Program 3/Postmortem" start="@1488848247954" delta="44" />
  <time id="37" path="/Non Project/PSP Fundamentals &amp; Advanced/Program 4/Planning" start="@1490011868134" delta="42" interrupt="3" />
  <time id="38" path="/Non Project/PSP Fundamentals &amp; Advanced/Program 4/Design" start="@1490014614645" delta="3" />
  <time id="39" path="/Non Project/PSP Fundamentals &amp; Advanced/Program 4/Design Review" start="@1490014791966" delta="2" />
  <time id="40" path="/Non Project/PSP Fundamentals &amp; Advanced/Program 4/Code" start="@1490018435338" delta="111" />
  <time id="41" path="/Non Project/PSP Fundamentals &amp; Advanced/Program 4/Code Review" start="@1490032939323" delta="3" />
  <time id="42" path="/Non Project/PSP Fundamentals &amp; Advanced/Program 4/Compile" start="@1490033089748" delta="1" />
  <time id="43" path="/Non Project/PSP Fundamentals &amp; Advanced/Program 4/Test" start="@1490033173901" delta="7" interrupt="10" />
  <time id="44" path="/Non Project/PSP Fundamentals &amp; Advanced/Program 4/Test" start="@1490035855513" delta="7" />
  <time id="45" path="/Non Project/PSP Fundamentals &amp; Advanced/Program 4/Postmortem" start="@1490036276495" delta="27" />
  <time id="46" path="/Non Project/PSP Fundamentals &amp; Advanced/Program 5/Planning" start="@1491171955172" delta="29" interrupt="3" />
  <time id="47" path="/Non Project/PSP Fundamentals &amp; Advanced/Program 5/Planning" start="@1491174464400" delta="55" />
  <time id="48" path="/Non Project/PSP Fundamentals &amp; Advanced/Program 5/Planning" start="@1491178927967" delta="5" />
  <time id="49" path="/Non Project/PSP Fundamentals &amp; Advanced/Program 5/Design" start="@1491179211979" delta="2" />
  <time id="50" path="/Non Project/PSP Fundamentals &amp; Advanced/Program 5/Design" start="@1491179702622" delta="48" />
  <time id="51" path="/Non Project/PSP Fundamentals &amp; Advanced/Program 5/Design Review" start="@1491182562732" delta="20" />
  <time id="52" path="/Non Project/PSP Fundamentals &amp; Advanced/Program 5/Code" start="@1491183771788" delta="43" interrupt="16" />
  <time id="53" path="/Non Project/PSP Fundamentals &amp; Advanced/Program 5/Code" start="@1491187509951" delta="107" />
  <time id="54" path="/Non Project/PSP Fundamentals &amp; Advanced/Program 5/Code Review" start="@1491194019684" delta="1110" />
</timeLogEntries>
